<?xml version="1.0" encoding="utf-8" ?>
<dwsync>
<file name="bg_breadcrumb.png" server="srctest.hostzi.com//public_html/" local="129443646240000000" remote="129540936600000000" />
<file name="bg_cont_head.png" server="srctest.hostzi.com//public_html/" local="129443646240000000" remote="129540936600000000" />
<file name="bg_fade_blue_med.png" server="srctest.hostzi.com//public_html/" local="129443646240000000" remote="129540936600000000" />
<file name="bg_fade_green_med.png" server="srctest.hostzi.com//public_html/" local="129443646240000000" remote="129540936600000000" />
<file name="bg_fade_red_med.png" server="srctest.hostzi.com//public_html/" local="129443646240000000" remote="129540936600000000" />
<file name="bg_fade_sml.png" server="srctest.hostzi.com//public_html/" local="129443646240000000" remote="129540936600000000" />
<file name="bg_fade_sml_reverse.png" server="srctest.hostzi.com//public_html/" local="129443646220000000" remote="129540936600000000" />
<file name="bg_fade_yellow_med.png" server="srctest.hostzi.com//public_html/" local="129443646240000000" remote="129540936600000000" />
<file name="bg_gallerybox.png" server="srctest.hostzi.com//public_html/" local="129443646240000000" remote="129540936600000000" />
<file name="bg_header.png" server="srctest.hostzi.com//public_html/" local="129443646240000000" remote="129540936600000000" />
<file name="bg_input_correct.png" server="srctest.hostzi.com//public_html/" local="129443646240000000" remote="129540936600000000" />
<file name="bg_input_error.png" server="srctest.hostzi.com//public_html/" local="129443646240000000" remote="129540936600000000" />
<file name="bg_input_normal.png" server="srctest.hostzi.com//public_html/" local="129443646240000000" remote="129540936600000000" />
<file name="bg_login_btn.png" server="srctest.hostzi.com//public_html/" local="129443646200000000" remote="129540936600000000" />
<file name="bg_login_input.png" server="srctest.hostzi.com//public_html/" local="129443646200000000" remote="129540936600000000" />
<file name="bg_loginbox.png" server="srctest.hostzi.com//public_html/" local="129443646200000000" remote="129540936600000000" />
<file name="bg_nav_link.png" server="srctest.hostzi.com//public_html/" local="129443646240000000" remote="129540936600000000" />
<file name="icon_breadcrumb.png" server="srctest.hostzi.com//public_html/" local="129443646220000000" remote="129540936600000000" />
<file name="icon_expand_grey.png" server="srctest.hostzi.com//public_html/" local="129443646220000000" remote="129540936600000000" />
<file name="jquery.wysiwyg.gif" server="srctest.hostzi.com//public_html/" local="129443646220000000" remote="129540936600000000" />
<file name="loading.gif" server="srctest.hostzi.com//public_html/" local="129443646220000000" remote="129540936600000000" />
<file name="logo.png" server="srctest.hostzi.com//public_html/" local="129540933451876242" remote="129540944400000000" />
<file name="search_btn.png" server="srctest.hostzi.com//public_html/" local="129443646220000000" remote="129540936600000000" />
<file name="status_high.png" server="srctest.hostzi.com//public_html/" local="129443646240000000" remote="129540936600000000" />
<file name="status_low.png" server="srctest.hostzi.com//public_html/" local="129443646240000000" remote="129540936600000000" />
<file name="status_med.png" server="srctest.hostzi.com//public_html/" local="129443646240000000" remote="129540936600000000" />
</dwsync>