<?xml version="1.0" encoding="utf-8" ?>
<dwsync>
<file name="login.php" server="box8.host1free.com" local="129540431549072854" remote="129540683400000000" />
<file name="dbc.php" server="srctest.hostzi.com//public_html/" local="129541004524081340" remote="129541004400000000" />
<file name="index.php" server="srctest.hostzi.com//public_html/" local="129541095310134005" remote="129541095000000000" />
<file name="login.php" server="srctest.hostzi.com//public_html/" local="129541002155895888" remote="129541002000000000" />
<file name="register.php" server="srctest.hostzi.com//public_html/" local="129403051980000000" remote="129540939600000000" />
<file name="thankyou.php" server="srctest.hostzi.com//public_html/" local="129382786020000000" remote="129540941400000000" />
<file name="logout.php" server="srctest.hostzi.com//public_html/" local="129375651620000000" remote="129540979200000000" />
<file name="hub.php" server="srctest.hostzi.com//public_html/" local="129541087085413578" remote="129541088400000000" />
</dwsync>